sentence1,sentence2,label,idx,sbert_ft_score,sbert_ft_pred
"The dollar was at 116.92 yen against the yen , flat on the session , and at 1.2891 against the Swiss franc , also flat .","The dollar was at 116.78 yen JPY = , virtually flat on the session , and at 1.2871 against the Swiss franc CHF = , down 0.1 percent .",0,25,0.7508296966552734,1
No dates have been set for the civil or the criminal trial .,"No dates have been set for the criminal or civil cases , but Shanley has pleaded not guilty .",0,33,0.7296466827392578,1
"While dioxin levels in the environment were up last year , they have dropped by 75 percent since the 1970s , said Caswell .",The Institute said dioxin levels in the environment have fallen by as much as 76 percent since the 1970s .,0,54,0.7557916641235352,1
""" Sanitation is poor ... there could be typhoid and cholera , "" he said .",""" Sanitation is poor , drinking water is generally left behind . . . there could be typhoid and cholera . """,0,83,0.856169581413269,1
Cooley said he expects Muhammad will similarly be called as a witness at a pretrial hearing for Malvo .,Lee Boyd Malvo will be called as a witness Wednesday in a pretrial hearing for fellow sniper suspect John Allen Muhammad .,0,284,0.6853286027908325,1
"With these assets , Funny Cide has a solid chance to become the first Triple Crown winner since Affirmed in 1978 .",Funny Cide is looking to become horse racing 's first Triple Crown winner in a generation .,0,334,0.6532322764396667,1
"Bush wanted "" to see an aircraft landing the same way that the pilots saw an aircraft landing , "" White House press secretary Ari Fleischer said yesterday .","On Tuesday , before Byrd 's speech , Fleischer said Bush wanted ' ' to see an aircraft landing the same way that the pilots saw an aircraft landing .",0,374,0.8647750616073608,1
"On Monday the Palestinian Prime Minister , Mahmoud Abbas , will report to the Palestinian parliament on his Government 's achievements in its first 100 days in office .",Palestinian Prime Minister Mahmoud Abbas must defend the record of his first 100 days in office before Parliament today as the death toll in the occupied territories continues to rise .,0,375,0.7420474290847778,1
"The civilian unemployment rate improved marginally last month -- slipping to 6.1 percent -- even as companies slashed payrolls by 93,000 .","The civilian unemployment rate improved marginally last month _ sliding down to 6.1 percent _ as companies slashed payrolls by 93,000 amid continuing mixed signals about the nation 's economic health .",0,377,0.8956292867660522,1
SARS has killed about 800 people and affected more than 8400 since being detected in China in November .,"SARS has killed about 800 people and sickened more than 8,400 worldwide , mostly in Asia .",0,395,0.7671642303466797,1
"Ratliff 's daughters , Margaret and Martha Ratliff , were adopted by Peterson after their mother 's death .","Peterson helped raise Ratliff 's two daughters , Margaret and Martha Ratliff , who supported him throughout the trial .",0,417,0.7490720748901367,1
"He has no immediate plans for television advertising , believing it is unnecessary this early .",A Lieberman aide said there were no immediate plans for television advertising .,0,468,0.7889540195465088,1
"The Dow Jones industrial average ended the day down 10.89 at 9,837.94 , after advancing 111.04 Wednesday .","The Dow Jones industrial average fell 10.89 points , or 0.11 percent , to 9,837.94 .",0,613,0.7386415004730225,1
""" Biotech products , if anything , may be safer than conventional products because of all the testing , "" Fraley said , adding that 18 countries have adopted biotechnology .",""" Biotech products , if anything , may be safer than conventional products because of all the testing , "" said Robert Fraley , Monsanto 's executive vice president .",0,620,0.6660090088844299,1
"McCabe said he was considered a witness , not a suspect .",""" He is not considered a suspect , "" McCabe said .",0,694,0.8319017887115479,1
"On Saturday , a 149mph serve against Agassi equalled Rusedski 's world record .","On Saturday , Roddick equalled the world record with a 149 m.p.h. serve in beating Andre Agassi .",0,718,0.7424471974372864,1
"Shattered Glass , "" starring Hayden Christensen as Stephen Glass , debuted well with $ 80,000 in eight theaters .",""" Shattered Glass "" _ starring Hayden Christensen as Stephen Glass , The New Republic journalist fired for fabricating stories _ debuted well with $ 80,000 in eight theaters .",0,792,0.9234033823013306,1
"However , Lapidus expects foreign brands ' sales to be up 4 percent , driven by strong truck sales at Honda Motor Co .","Lapidus expects Ford to be down 5 percent , Chrysler down 10 percent and foreign brands up 4 percent driven by strong truck sales at Honda .",0,839,0.650086522102356,1
"Indonesia 's army has often been accused of human rights abuses during GAM 's battle for independence , charges it has generally denied while accusing the separatists of committing rights violations .","Indonesia 's army has been accused of human rights abuses during its earlier battles with GAM , charges it has generally denied .",0,865,0.9010565280914307,1
""" I don 't know if the person I 'm talking to now may end up being someone else at another time that may not follow the rules , "" Parrish said .",""" I don 't know whether the person I 'm talking to now may end up being someone else , "" Parrish said .",0,1005,0.8348862528800964,1
Kansas Department of Health and Environment records show there were 88 abortions performed on girls age 14 and younger last year .,"Statistics from the Kansas Department of Health and Environment show that 11,844 abortions were performed in the state last year .",0,1083,0.6686161160469055,1
"A European Union spokesman said the Commission was consulting EU member states "" with a view to taking appropriate action if necessary "" on the matter .",Laos 's second most important export destination - said it was consulting EU member states ' ' with a view to taking appropriate action if necessary ' ' on the matter .,0,1094,0.7232670187950134,1
Ernst & Young has denied any wrongdoing and plans to fight the allegations .,"Ernst & Young has denied the SEC 's claims , and called its recommendations "" irresponsible "" .",0,1203,0.6505427956581116,1
He allegedly told his ex-wife in an angry phone call that he had no intention of following their new custody agreement .,The two had battled over custody and he allegedly told her in an angry phone call that he had no intention of following their new custody agreement .,0,1246,0.8747307658195496,1
Vivace was founded in 1999 and has raised over $ 118 million in three rounds of venture financing .,"During difficult times for technology venture capital , Vivace raised over $ 118 million in three rounds of venture financing .",0,1340,0.8910455703735352,1
Sun Microsystems Inc. on Thursday said it had added 100 new third-party systems and 100 new components to its Hardware Compatibility List for the Solaris x86 operating system Platform Edition .,The vendor has added 100 new third-party systems and 100 new components to the operating system 's Hardware Compatibility List ( HCL ) .,0,1353,0.6947344541549683,1
The Neighbours star and singer spent yesterday resting at her family home in Sydney and will have more tests today .,Goodrem spent yesterday resting in her family home in Sydney and will have more tests today to determine her exact treatment .,0,1365,0.7765065431594849,1
"Bob Richter , a spokesman for House Speaker Tom Craddick , had no comment about the ruling .","Bob Richter , spokesman for Craddick , R-Midland , said the speaker had not seen the ruling and could not comment .",0,1384,0.8436229228973389,1
"Morrill 's wife , Ellie , sobbed and hugged Bondeson 's sister-in-law during the service .","At the service Morrill 's widow , Ellie , sobbed and hugged Bondeson 's sister-in-law as people consoled her .",0,1556,0.8792352676391602,1
"Lord Falconer hailed the changes as "" a new beginning as far as the courts , Crown Prosecution Service and police are concerned "" .",""" It 's a new beginning as far as the courts , Crown Prosecution Service and police are concerned , making the criminal justice system work better . """,0,1660,0.7038552761077881,1
"GE stock closed at $ 30.65 a share , down about 42 cents , on the New York Stock Exchange .",GE 's shares closed at $ 30.65 on Friday on the New York Stock Exchange .,0,1664,0.8543660044670105,1
The agency charged that one WD Energy worker discussed false reporting with traders at two other energy companies .,"The agency found further that a WD Energy employee discussed false reporting with traders at two other energy companies , which the CFTC didn 't identify .",0,1737,0.8701983690261841,1
"The chain operates more than 3,400 stores , and has annual revenue of about $ 15.8 billion .","The chain , which has been under new management since late 1999 , has more than 3,400 stores and $ 15.8 billion in annual revenue .",0,1792,0.9281655550003052,1
"All patients developed some or all of the symptoms of E. coli food poisoning : bloody diarrhea , vomiting , abdominal cramping and nausea .","Symptoms of the E. coli infection include bloody diarrhea , nausea , vomiting and abdominal cramping .",0,1794,0.9241521954536438,1
"But Chauncey Billups demonstrated he 's also capable of big games , scoring 77 points over the final two games against the Magic .",Billups scored 77 points in the final two games of the first-round series against the Magic .,0,1822,0.8680371046066284,1
The WHO experts didn 't say how many cases in Hebei were in rural areas .,"Hebei has reported 191 cases and eight deaths , though the WHO experts did not say how many were in rural areas .",0,1911,0.6748110055923462,1
"The world 's largest software company said it recognized the difficulty the multiple patches posed for companies , and set out to make it easier for them to apply the updates .",The world 's largest software company said it recognized the difficulty the multiple patches posed for companies trying to apply them .,0,1997,0.9362456798553467,1
"Based on a separate survey of households , the unemployment rate fell in August to 6.1 percent from 6.2 percent .","Labor Department analysts discounted a slight improvement in the national unemployment rate , which fell in August to 6.1 percent from 6.2 percent .",0,2024,0.7199764251708984,1
""" I had one bad stretch of holes that put me out of contention to win , "" Woods said .",""" I had one bad stretch of holes that put me out of contention , "" Woods said , referring to his 42 on the front nine Saturday .",0,2077,0.86427903175354,1
"Watertown , Saugus and Framingham also are going smoke-free Monday , joining a growing number of cities around the country .","Along with Boston , Watertown , Saugus and Framingham also are going smoke-free Monday .",0,2163,0.8883084654808044,1
He tried to fight off officers and was taken to a hospital after a police dog bit him but was later released .,"Cruz tried to fight off officers and was hospitalized after a police dog bit him , Sgt. Steve Dixon said .",0,2350,0.7303674221038818,1
"Asked if the delegates could leave on Friday , police intelligence chief in Aceh , Surya Dharma , told reporters they could not because they did not have proper permission .","Asked if the delegates could leave on Friday , police intelligence chief Surya Dharma told reporters : "" Of course they may not go .",0,2361,0.8011898994445801,1
"But late Thursday night , the campaign issued a statement saying there would be no news conference and no big announcement .","But late yesterday , the campaign and the state Democratic Party said there would be no news conference .",0,2439,0.7393141388893127,1
""" We think that the United States of America should support the free speech of all groups , "" Mr. White said , objecting to Mr. Olson 's recommendation .","We think that the United States of America should support the free speech of all groups , he said .",0,2469,0.6699259281158447,1
Corixa shares rose 54 cents to $ 7.74 yesterday on the Nasdaq Stock Market .,"Shares of Corixa rose 54 cents , or about 8 percent , to close at $ 7.74 .",0,2597,0.7823668718338013,1
"The Calgary woman , who is in her twenties , donated blood on Aug. 7 .",The woman -- who has no symptoms of illness -- donated blood Aug. 7 .,0,2655,0.7111214399337769,1
"In the weeks leading up to the execution , several Florida officials received anonymous threatening letters .","Several Florida officials connected to the case have received threatening letters , accompanied by rifle bullets .",0,2697,0.7631862759590149,1
"Rosenthal is hereby sentenced to custody of the Federal Bureau of prisons for one day with credit for time served , "" Breyer said to tumultuous cheers in the courtroom .",""" Rosenthal is hereby sentenced to custody of the Federal Bureau of Prisons for one day with credit for time served . """,0,2793,0.8039407730102539,1
Freddie also said Leland C. Brendsel will retire as chairman and chief executive and resign from the board .,"He replaces Leland Brendsel , 61 , who retired as chairman and chief executive .",0,2841,0.774030864238739,1
"A pro-independence radical , Miodrag Zivkovic , of the Liberal Alliance , came in second with 31 percent of the vote .","Miodrag Zivkovic , of the Liberal Alliance of Montenegro , won 31 percent of the vote while the independent Dragan Hajdukovic got four percent .",0,2892,0.6655263900756836,1
"Mr. Kerkorian tried unsuccessfully to take over Chrysler in 1995 , but did win representation on its board .",Kerkorian and Tracinda had also tried to take over Chrysler in 1995 .,0,2894,0.7526144981384277,1
Glover spoke at a news conference that included about 20 relatives of the victims .,About 20 family members of the victims were invited to the news conference .,0,2932,0.7807142734527588,1
"Singapore Prime Minister Goh Chok Tong says China plays an important role in the integration of Asia , including managing the stresses and strains both within and between countries .","HAINAN PROVINCE , China : Singapore Prime Minister Goh Chok Tong said China plays an important role in the integration of Asia .",0,3125,0.7854048609733582,1
"The premium edition adds OfficeFront Page 2003 , Acceleration Server 2000 , and SQL Server 2000 .","The premium edition adds ISA Server , SQL Server and a specialized edition of BizTalk 2004 .",0,3140,0.652632474899292,1
"In the year-ago quarter , the steelmaker recorded a profit of $ 16.2 million , or 15 cents per share , on sales of $ 1.14 billion .","In the second quarter last year , AK Steel reported a profit of $ 16.2 million , or 15 cents a share .",0,3142,0.8071706295013428,1
Sony claimed that the reader 's capacitance sensing technology cannot be fooled by paper copies and does not require cleaning .,Its capacitance sensing technology electronically reads a fingerprint ; Sony says it can 't be fooled by paper copies and doesn 't require cleaning .,0,3145,0.8957180380821228,1
Estonia 's place in the European mainstream and safeguard its independence regained in 1991 .,Estonia was forcibly incorporated in the Soviet Union in 1940 and regained its independence only in 1991 .,0,3210,0.7633531093597412,1
Franklin County Judge-Executive Teresa Barton said a firefighter was struck by lightning and was taken to the Frankfort Regional Medical Center .,"A county firefighter , was struck by lightning and was in stable condition at Frankfort Regional Medical Center .",0,3216,0.7566236257553101,1
"During this year 's August to October quarter , Lowe 's opened 38 new stores , including two relocations .","During the third quarter , Lowe 's opened 38 new stores and now has 932 stores in 45 states .",0,3239,0.6652817130088806,1
Wal-Mart has said it plans to open at least 40 Supercenters in the state in the coming years ; analysts expect four or more to be in San Diego County .,"At least 40 of the outlets will be in California , and analysts expect four or more to be in San Diego County .",0,3312,0.6738008260726929,1
"The other inmate fell but Selenski shimmed down the makeshift rope to a second-story roof and used the mattress to scale a razor-wire fence , Fischi said .","After the other inmate fell , Selenski used the mattress to scale a 10-foot , razor-wire fence , Fischi said .",0,3356,0.8710138201713562,1
The mother of a Briton held by Colombian guerrillasspoke of her relief yesterday after hearing that he might be freed in the next few weeks .,The parents of a Briton being held hostage by Colombian rebels spoke yesterday of their optimism that he would be freed in time for his birthday next month .,0,3399,0.6803189516067505,1
We strongly disagree with Novell 's position and view it as a desperate measure to curry favor with the Linux community .,"McBride characterized Novell 's move as "" a desperate measure to curry favor with the Linux community . """,0,3401,0.6669735312461853,1
"The seizure took place at 4 a.m. on March 18 , just hours before the first American air assault .","The time was about 4 a.m. on March 18 , just hours before the first pinpoint missiles rained down on the capital .",0,3433,0.6551764011383057,1
"Costa 's semifinal opponent is Spaniard Juan Carlos Ferrero , whom he beat in last year 's final .",Costa will play Juan Carlos Ferrero next in a rematch of last year 's final .,0,3476,0.9136987924575806,1
Thyroid hormones are known to help in weight loss by stimulating metabolism - and cutting cholesterol - but come with the unwanted side effect of speeding up the heartbeat .,"Thyroid hormones are known to help in weight loss by stimulating metabolism , and they can help cut cholesterol too .",0,3501,0.8222019076347351,1
"The Hartford shares rose $ 2.88 , or 6.6 percent , to close Monday at $ 46.50 on the New York Stock Exchange .",Shares of Hartford rose $ 2.88 to $ 46.50 in New York Stock Exchange composite trading .,0,3518,0.7349900007247925,1
"It decided instead to issue them before the stock market opened Monday after the downgrade of its debt late Friday by Moody 's , the credit rating agency .",It decided instead to issue them before the stock market opened Monday to counteract the downgrade of its debt late Friday by Moody 's to one step above junk status .,0,3531,0.8842411041259766,1
"The study , published Monday in the journal Molecular Brain Research , is likely to also apply to humans , its authors said .","The study , conducted on the brains of developing mice , was being published today in the journal Molecular Brain Research .",0,3584,0.6504553556442261,1
""" The government elements who have been causing trouble are still in place .","The government elements who have been causing trouble are still in place , they are attacking us . """,0,3615,0.7751120328903198,1
The patch also fixes a vulnerability that results because IE does not implement an appropriate block on a file download dialog box .,The second vulnerability is a result of IE not implementing a block on a file download dialog box .,0,3643,0.8197649121284485,1
"He replaces Ron Dittemore , who announced his resignation in April .",Dittemore announced his plans to resign on April 23 .,0,3662,0.6711613535881042,1
"The euro was at 1.5281 versus the Swiss franc EURCHF = , up 0.2 percent on the session , after hitting its highest since mid-2001 around 1.5292 earlier in the session .",The euro was steady versus the Swiss franc after hitting its highest since mid-2001 of 1.5261 earlier in the session .,0,3720,0.8336524963378906,1
"On the stand Wednesday , she said she was referring only to the kissing .","On the stand Wednesday , she testified that she was referring to the kissing before the alleged rape .",0,3729,0.7062724828720093,1
"Garner said the group would probably be expanded to include , for example , a Christian and perhaps another Sunni leader .",The group has already met several times and Gen. Garner said it probably will be expanded to include a Christian and perhaps another Sunni Muslim leader .,0,3732,0.8895179629325867,1
"GE stock closed Friday at $ 30.65 a share , down about 42 cents , on the New York Stock Exchange .",GE 's shares closed at $ 30.65 on Friday on the New York Stock Exchange .,0,3755,0.8607054352760315,1
"In the United States , heart attacks kill about 460,000 year , in Canada about 80,000 .","In the United States , heart attacks kill about 460,000 yearly , according to the National Institutes of Health .",0,3775,0.7545214891433716,1
""" It 's a major victory for Maine , and it 's a major victory for other states .",The Maine program could be a model for other states .,0,3783,0.6770923137664795,1
